10002,101,197-0831,東京都あきる野市下代継48,1002,B業社
10002,102,197-0831,東京都あきる野市下代継48,1002,B業社
10002,103,197-0831,東京都あきる野市下代継48,1002,B業社
10002,104,197-0831,東京都あきる野市下代継48,1002,B業社
10002,105,197-0831,東京都あきる野市下代継48,1002,B業社
10002,106,197-0831,東京都あきる野市下代継48,1002,B業社
10003,101,205-0015,東京都羽村市羽中4-14-809,1002,B業社
10003,102,205-0015,東京都羽村市羽中4-14-809,1002,B業社
10003,103,205-0015,東京都羽村市羽中4-14-809,1002,B業社
10003,104,205-0015,東京都羽村市羽中4-14-809,1002,B業社
10003,105,205-0015,東京都羽村市羽中4-14-809,1002,B業社
10003,106,205-0015,東京都羽村市羽中4-14-809,1002,B業社
10003,107,205-0015,東京都羽村市羽中4-14-809,1002,B業社
10003,108,205-0015,東京都羽村市羽中4-14-809,1002,B業社
10003,109,205-0015,東京都羽村市羽中4-14-809,1002,B業社
10004,101,186-0001,東京都国立市北3-29-1,1002,B業社
10004,102,186-0001,東京都国立市北3-29-1,1002,B業社
10004,103,186-0001,東京都国立市北3-29-1,1002,B業社
10004,104,186-0001,東京都国立市北3-29-1,1002,B業社
10004,105,186-0001,東京都国立市北3-29-1,1002,B業社
10004,106,186-0001,東京都国立市北3-29-1,1002,B業社
10004,107,186-0001,東京都国立市北3-29-1,1002,B業社
10004,108,186-0001,東京都国立市北3-29-1,1002,B業社
10004,109,186-0001,東京都国立市北3-29-1,1002,B業社
10005,101,154-0021,東京都世田谷区豪徳寺2-505-2,1001,A業者
10005,102,154-0021,東京都世田谷区豪徳寺2-505-2,1001,A業者
10005,103,154-0021,東京都世田谷区豪徳寺2-505-2,1001,A業者
10005,104,154-0021,東京都世田谷区豪徳寺2-505-2,1001,A業者
10005,105,154-0021,東京都世田谷区豪徳寺2-505-2,1001,A業者
10005,106,154-0021,東京都世田谷区豪徳寺2-505-2,1001,A業者
10005,107,154-0021,東京都世田谷区豪徳寺2-505-2,1001,A業者
10006,101,157-0063,東京都世田谷区粕谷4-13-6,1001,A業者
10006,102,157-0063,東京都世田谷区粕谷4-13-6,1001,A業者
10006,103,157-0063,東京都世田谷区粕谷4-13-6,1001,A業者
10006,104,157-0063,東京都世田谷区粕谷4-13-6,1001,A業者
10007,101,121-0063,東京都足立区東保木間2-1-6,1001,A業者
10007,102,121-0063,東京都足立区東保木間2-1-6,1001,A業者
10007,103,121-0063,東京都足立区東保木間2-1-6,1001,A業者
10007,104,121-0063,東京都足立区東保木間2-1-6,1001,A業者
10007,105,121-0063,東京都足立区東保木間2-1-6,1001,A業者
10007,106,121-0063,東京都足立区東保木間2-1-6,1001,A業者
10007,107,121-0063,東京都足立区東保木間2-1-6,1001,A業者
10007,108,121-0063,東京都足立区東保木間2-1-6,1001,A業者
10007,109,121-0063,東京都足立区東保木間2-1-6,1001,A業者
10008,101,121-0072,東京都足立区保塚町12-26,1001,A業者
10008,102,121-0072,東京都足立区保塚町12-26,1001,A業者
10008,103,121-0072,東京都足立区保塚町12-26,1001,A業者
10008,104,121-0072,東京都足立区保塚町12-26,1001,A業者
10009,101,338-0832,埼玉県さいたま市桜区西堀4-29-12,1003,C業社
10009,102,338-0832,埼玉県さいたま市桜区西堀4-29-12,1003,C業社
10009,103,338-0832,埼玉県さいたま市桜区西堀4-29-12,1003,C業社
10009,104,338-0832,埼玉県さいたま市桜区西堀4-29-12,1003,C業社
10009,105,338-0832,埼玉県さいたま市桜区西堀4-29-12,1003,C業社
10010,101,331-0803,埼玉県さいたま市北区見沼2-94,1003,C業社
10010,102,331-0803,埼玉県さいたま市北区見沼2-94,1003,C業社
10010,103,331-0803,埼玉県さいたま市北区見沼2-94,1003,C業社
10010,104,331-0803,埼玉県さいたま市北区見沼2-94,1003,C業社
10011,101,360-0833,埼玉県熊谷市広瀬496-1,1003,C業社
10011,102,360-0833,埼玉県熊谷市広瀬496-1,1003,C業社
10011,103,360-0833,埼玉県熊谷市広瀬496-1,1003,C業社
10011,104,360-0833,埼玉県熊谷市広瀬496-1,1003,C業社
10011,105,360-0833,埼玉県熊谷市広瀬496-1,1003,C業社
10012,101,360-0823,埼玉県熊谷市江波394,1003,C業社
10012,102,360-0823,埼玉県熊谷市江波394,1003,C業社
10012,103,360-0823,埼玉県熊谷市江波394,1003,C業社
10012,104,360-0823,埼玉県熊谷市江波394,1003,C業社
10013,101,360-0825,埼玉県熊谷市中央4-1-1,1003,C業社
10013,102,360-0825,埼玉県熊谷市中央4-1-1,1003,C業社
10013,103,360-0825,埼玉県熊谷市中央4-1-1,1003,C業社
10013,104,360-0825,埼玉県熊谷市中央4-1-1,1003,C業社
10014,101,360-0101,埼玉県熊谷市野原461-3,1003,C業社
10014,102,360-0101,埼玉県熊谷市野原461-3,1003,C業社
10014,103,360-0101,埼玉県熊谷市野原461-3,1003,C業社
10014,104,360-0101,埼玉県熊谷市野原461-3,1003,C業社
10014,105,360-0101,埼玉県熊谷市野原461-3,1003,C業社
10014,106,360-0101,埼玉県熊谷市野原461-3,1003,C業社
10015,101,350-0121,埼玉県比企郡川島町上八ツ林110,1003,C業社
10015,102,350-0121,埼玉県比企郡川島町上八ツ林110,1003,C業社
10015,103,350-0121,埼玉県比企郡川島町上八ツ林110,1003,C業社
10015,104,350-0121,埼玉県比企郡川島町上八ツ林110,1003,C業社
10016,101,350-0151,埼玉県比企郡川島町八幡3-1-2,1003,C業社
10016,102,350-0151,埼玉県比企郡川島町八幡3-1-2,1003,C業社
10016,103,350-0151,埼玉県比企郡川島町八幡3-1-2,1003,C業社
10016,104,350-0151,埼玉県比企郡川島町八幡3-1-2,1003,C業社
10017,101,279-0026,千葉県浦安市弁天3-2-97,1004,D業社
10017,102,279-0026,千葉県浦安市弁天3-2-97,1004,D業社
10017,103,279-0026,千葉県浦安市弁天3-2-97,1004,D業社
10017,104,279-0026,千葉県浦安市弁天3-2-97,1004,D業社
10018,101,299-1151,千葉県君津市中野4-3-20,1004,D業社
10018,102,299-1151,千葉県君津市中野4-3-20,1004,D業社
10018,103,299-1151,千葉県君津市中野4-3-20,1004,D業社
10018,104,299-1151,千葉県君津市中野4-3-20,1004,D業社
10019,101,297-0052,千葉県茂原市上茂原423-1,1004,D業社
10019,102,297-0052,千葉県茂原市上茂原423-1,1004,D業社
10019,103,297-0052,千葉県茂原市上茂原423-1,1004,D業社
10019,104,297-0052,千葉県茂原市上茂原423-1,1004,D業社
10020,101,299-4103,千葉県茂原市千沢1053-3,1004,D業社
10020,102,299-4103,千葉県茂原市千沢1053-3,1004,D業社
10020,103,299-4103,千葉県茂原市千沢1053-3,1004,D業社
10020,104,299-4103,千葉県茂原市千沢1053-3,1004,D業社